Concept Store,X,46781380,030,X,Circo™ 4pc Crib Bedding Set - Pink Triangle,Circo,n/a,any,x,1,X,X,X,X,X,7/18/2016,PRICE,X,7/15/2016,X,Royalston,7/18-9/9/16,Royalston,http://scene7.targetimg1.com/is/image/Target/46781380
Concept Store,X,50698614,030,X,Lambs & Ivy 3-Piece Crib Bedding Set - Dawn,Lambs & Ivy,n/a,any,x,1,X,X,X,X,X,7/18/2016,PRICE,X,7/15/2016,X,Royalston,7/18-9/9/16,Royalston,http://scene7.targetimg1.com/is/image/Target/50698614
Concept Store,X,50317310,030,X,Babyletto Hudson 3-in-1 Convertible Crib with Toddler Rail,Babyletto,n/a,any,x,1,X,X,X,X,X,7/18/2016,PRICE,X,7/15/2016,X,Royalston,7/18-9/9/16,Royalston,http://scene7.targetimg1.com/is/image/Target/50317310
Concept Store,X,13985871,030,X,Babyletto Hudson 3-in-1 Convertible Crib with Toddler Rail,Babyletto,n/a,any,x,1,X,X,X,X,X,7/18/2016,PRICE,X,7/15/2016,X,Royalston,7/18-9/9/16,Royalston,http://scene7.targetimg1.com/is/image/Target/13985871
Concept Store,X,13985873,030,X,Babyletto Hudson 3-in-1 Convertible Crib with Toddler Rail,Babyletto,n/a,any,x,1,X,X,X,X,X,7/18/2016,PRICE,X,7/15/2016,X,Royalston,7/18-9/9/16,Royalston,http://scene7.targetimg1.com/is/image/Target/13985873
Concept Store,X,13985868,030,X,Babyletto Hudson 3-in-1 Convertible Crib with Toddler Rail,Babyletto,n/a,any,x,1,X,X,X,X,X,7/18/2016,PRICE,X,7/15/2016,X,Royalston,7/18-9/9/16,Royalston,http://scene7.targetimg1.com/is/image/Target/13985868
Concept Store,X,18822606,030,X,Nursery Works Sleepytime Rocker - Light Legs,Nurseryworks,n/a,any,x,1,X,X,X,X,X,7/18/2016,PRICE,X,7/15/2016,X,Royalston,7/18-9/9/16,Royalston,http://scene7.targetimg1.com/is/image/Target/18822606
Concept Store,X,18822529,030,X,Nursery Works Sleepytime Rocker - Light Legs,Nurseryworks,n/a,any,x,1,X,X,X,X,X,7/18/2016,PRICE,X,7/15/2016,X,Royalston,7/18-9/9/16,Royalston,http://scene7.targetimg1.com/is/image/Target/18822529
Concept Store,X,18822533,030,X,Nursery Works Sleepytime Rocker - Light Legs,Nurseryworks,n/a,any,x,1,X,X,X,X,X,7/18/2016,PRICE,X,7/15/2016,X,Royalston,7/18-9/9/16,Royalston,http://scene7.targetimg1.com/is/image/Target/18822533
Concept Store,X,18822535,030,X,Nursery Works Sleepytime Rocker - Light Legs,Nurseryworks,n/a,any,x,1,X,X,X,X,X,7/18/2016,PRICE,X,7/15/2016,X,Royalston,7/18-9/9/16,Royalston,http://scene7.targetimg1.com/is/image/Target/18822535
Concept Store,X,17466357,249,X,7 Shelf Hollow Core Decorative Bookcase - Homestar,Homestar,n/a,any,x,1,X,X,X,X,X,7/18/2016,PRICE,X,7/15/2016,X,Royalston,7/18-9/9/16,Royalston,http://scene7.targetimg1.com/is/image/Target/17466357
Concept Store,X,17466358,249,X,7 Shelf Hollow Core Decorative Bookcase - Homestar,Homestar,n/a,any,x,1,X,X,X,X,X,7/18/2016,PRICE,X,7/15/2016,X,Royalston,7/18-9/9/16,Royalston,http://scene7.targetimg1.com/is/image/Target/17466358
Concept Store,X,17466346,249,X,7 Shelf Hollow Core Decorative Bookcase - Homestar,Homestar,n/a,any,x,1,X,X,X,X,X,7/18/2016,PRICE,X,7/15/2016,X,Royalston,7/18-9/9/16,Royalston,http://scene7.targetimg1.com/is/image/Target/17466346
Concept Store,X,46780407,030,X,Oh Joy!® Knit Baby Blanket - Scallop,Oh Joy!,n/a,any,x,1,X,X,X,X,X,7/18/2016,PRICE,X,7/15/2016,X,Royalston,7/18-9/9/16,Royalston,http://scene7.targetimg1.com/is/image/Target/46780407
Concept Store,X,46781397,030,X,Circo™ Ceiling Décor - Clouds,Circo,n/a,any,x,1,X,X,X,X,X,7/18/2016,PRICE,X,7/15/2016,X,Royalston,7/18-9/9/16,Royalston,http://scene7.targetimg1.com/is/image/Target/46781397
Concept Store,X,50272521,002,X,Wire Milk Crate Large Pink - Pillowfort™,Pillowfort,n/a,any,x,1,X,X,X,X,X,7/18/2016,PRICE,X,7/15/2016,X,Royalston,7/18-9/9/16,Royalston,http://scene7.targetimg1.com/is/image/Target/50272521
Concept Store,X,50320482,066,X,Border Rug - Pillowfort™,n/a,n/a,any,x,1,X,X,X,X,X,7/18/2016,PRICE,X,7/15/2016,X,Royalston,7/18-9/9/16,Royalston,http://scene7.targetimg1.com/is/image/Target/50320482
Concept Store,X,50320481,066,X,Border Rug - Pillowfort™,n/a,n/a,any,x,1,X,X,X,X,X,7/18/2016,PRICE,X,7/15/2016,X,Royalston,7/18-9/9/16,Royalston,http://scene7.targetimg1.com/is/image/Target/50320481
Concept Store,X,50321060,066,X,Border Rug - Pillowfort™,n/a,n/a,any,x,1,X,X,X,X,X,7/18/2016,PRICE,X,7/15/2016,X,Royalston,7/18-9/9/16,Royalston,http://scene7.targetimg1.com/is/image/Target/50321060
Concept Store,X,50407729,066,X,Border Rug - Pillowfort™,n/a,n/a,any,x,1,X,X,X,X,X,7/18/2016,PRICE,X,7/15/2016,X,Royalston,7/18-9/9/16,Royalston,http://scene7.targetimg1.com/is/image/Target/50407729
Concept Store,X,50407727,066,X,Border Rug - Pillowfort™,n/a,n/a,any,x,1,X,X,X,X,X,7/18/2016,PRICE,X,7/15/2016,X,Royalston,7/18-9/9/16,Royalston,http://scene7.targetimg1.com/is/image/Target/50407727
Concept Store,X,50407728,066,X,Border Rug - Pillowfort™,n/a,n/a,any,x,1,X,X,X,X,X,7/18/2016,PRICE,X,7/15/2016,X,Royalston,7/18-9/9/16,Royalston,http://scene7.targetimg1.com/is/image/Target/50407728
Concept Store,X,50407730,066,X,Border Rug - Pillowfort™,n/a,n/a,any,x,1,X,X,X,X,X,7/18/2016,PRICE,X,7/15/2016,X,Royalston,7/18-9/9/16,Royalston,http://scene7.targetimg1.com/is/image/Target/50407730
Concept Store,X,50193587,074,X,Bulldog Table Lamp White - Pillowfort™,Pillowfort,n/a,any,x,1,X,X,X,X,X,7/18/2016,PRICE,X,7/15/2016,X,Royalston,7/18-9/9/16,Royalston,http://scene7.targetimg1.com/is/image/Target/50193587
Concept Store,X,49165113,060,X,"Tutti Frutti Kitty Throw Pillow (16""x13.5"") Pink - Sabrina Soto™",Sabrina Soto,n/a,any,x,1,X,X,X,X,X,7/18/2016,PRICE,X,7/15/2016,X,Royalston,7/18-9/9/16,Royalston,http://scene7.targetimg1.com/is/image/Target/49165113
Concept Store,X,50089647,060,X,Unicorn Character Throw Pillow - Pillowfort™,Pillowfort,n/a,any,x,1,X,X,X,X,X,7/18/2016,PRICE,X,7/15/2016,X,Royalston,7/18-9/9/16,Royalston,http://scene7.targetimg1.com/is/image/Target/50089647
Concept Store,X,50577554,060,X,"Sabrina Soto™ Olivia Fox Decorative Pillow 16""X13"" - Multicolor",Sabrina Soto,n/a,any,x,1,X,X,X,X,X,7/18/2016,PRICE,X,7/15/2016,X,Royalston,7/18-9/9/16,Royalston,http://scene7.targetimg1.com/is/image/Target/50577554
Concept Store,X,50577556,060,X,"Sabrina Soto™ Olivia Arrow Decorative Pillow 18""X12"" - Multicolor",Sabrina Soto,n/a,any,x,1,X,X,X,X,X,7/18/2016,PRICE,X,7/15/2016,X,Royalston,7/18-9/9/16,Royalston,http://scene7.targetimg1.com/is/image/Target/50577556
Concept Store,X,16783604,081,X,Hand Made Modern - 36ct Tissue Paper - Assorted Prints,Spritz,n/a,any,x,1,X,X,X,X,X,7/18/2016,PRICE,X,7/15/2016,X,Royalston,7/18-9/9/16,Royalston,http://scene7.targetimg1.com/is/image/Target/16783604
Concept Store,X,51021276,091,X,Franklin Sports The Best Ball Pit Balls,Franklin Sports,n/a,any,x,1,X,X,X,X,X,7/18/2016,PRICE,X,7/15/2016,X,Royalston,7/18-9/9/16,Royalston,http://scene7.targetimg1.com/is/image/Target/51021276
Concept Store,X,14771138,053,X,"Spritz™ Honeycombs 10"" Turq 1 Ct",Spritz,n/a,any,x,1,X,X,X,X,X,7/18/2016,PRICE,X,7/15/2016,X,Royalston,7/18-9/9/16,Royalston,http://scene7.targetimg1.com/is/image/Target/14771138
Concept Store,X,14766386,053,X,Decorative Ribbon Spritz™,Berwick,n/a,any,x,1,X,X,X,X,X,7/18/2016,PRICE,X,7/15/2016,X,Royalston,7/18-9/9/16,Royalston,http://scene7.targetimg1.com/is/image/Target/14766386
Concept Store,X,17442737,086,X,Creativity for Kids Wonderful Washi Tape,Creativity for Kids,n/a,any,x,1,X,X,X,X,X,7/18/2016,PRICE,X,7/15/2016,X,Royalston,7/18-9/9/16,Royalston,http://scene7.targetimg1.com/is/image/Target/17442737
Concept Store,X,50580136,030,X,Sweet Jojo Designs Outdoor Adventure 11pc Crib Bedding Set - Gray,Sweet Jojo Designs,n/a,any,x,1,X,X,X,X,X,7/18/2016,PRICE,X,7/15/2016,X,Royalston,7/18-9/9/16,Royalston,http://scene7.targetimg1.com/is/image/Target/50580136
Concept Store,X,21485462,030,X,Stork Craft Hillcrest Fixed Side 4-in-1 Convertible Crib,StorkCraft,n/a,any,x,1,X,X,X,X,X,7/18/2016,PRICE,X,7/15/2016,X,Royalston,7/18-9/9/16,Royalston,http://scene7.targetimg1.com/is/image/Target/21485462
Concept Store,X,21485461,030,X,Stork Craft Hillcrest Fixed Side 4-in-1 Convertible Crib,StorkCraft,n/a,any,x,1,X,X,X,X,X,7/18/2016,PRICE,X,7/15/2016,X,Royalston,7/18-9/9/16,Royalston,http://scene7.targetimg1.com/is/image/Target/21485461
Concept Store,X,21485464,030,X,Stork Craft Hillcrest Fixed Side 4-in-1 Convertible Crib,StorkCraft,n/a,any,x,1,X,X,X,X,X,7/18/2016,PRICE,X,7/15/2016,X,Royalston,7/18-9/9/16,Royalston,http://scene7.targetimg1.com/is/image/Target/21485464
Concept Store,X,46781409,030,X,Circo™ Valboa Baby Blanket - Gray Arrows,Circo,n/a,any,x,1,X,X,X,X,X,7/18/2016,PRICE,X,7/15/2016,X,Royalston,7/18-9/9/16,Royalston,http://scene7.targetimg1.com/is/image/Target/46781409
Concept Store,X,21407694,066,X,Threshold™ Kenya Fleece Accent Rug,n/a,n/a,any,x,1,X,X,X,X,X,7/18/2016,PRICE,X,7/15/2016,X,Royalston,7/18-9/9/16,Royalston,http://scene7.targetimg1.com/is/image/Target/21407694
Concept Store,X,17347097,066,X,Threshold™ Kenya Fleece Accent Rug,n/a,n/a,any,x,1,X,X,X,X,X,7/18/2016,PRICE,X,7/15/2016,X,Royalston,7/18-9/9/16,Royalston,http://scene7.targetimg1.com/is/image/Target/17347097
Concept Store,X,50184140,074,X,Floor Lamp - Pillowfort™,n/a,n/a,any,x,1,X,X,X,X,X,7/18/2016,PRICE,X,7/15/2016,X,Royalston,7/18-9/9/16,Royalston,http://scene7.targetimg1.com/is/image/Target/50184140
Concept Store,X,50184138,074,X,Floor Lamp - Pillowfort™,n/a,n/a,any,x,1,X,X,X,X,X,7/18/2016,PRICE,X,7/15/2016,X,Royalston,7/18-9/9/16,Royalston,http://scene7.targetimg1.com/is/image/Target/50184138
Concept Store,X,50184137,074,X,Floor Lamp - Pillowfort™,n/a,n/a,any,x,1,X,X,X,X,X,7/18/2016,PRICE,X,7/15/2016,X,Royalston,7/18-9/9/16,Royalston,http://scene7.targetimg1.com/is/image/Target/50184137
Concept Store,X,50273909,002,X,Striped Fabric Bin Large Mint - Pillowfort™,Pillowfort,n/a,any,x,1,X,X,X,X,X,7/18/2016,PRICE,X,7/15/2016,X,Royalston,7/18-9/9/16,Royalston,http://scene7.targetimg1.com/is/image/Target/50273909
Concept Store,X,49113785,007,X,Babyganics Ultra Absorbent Diapers Value Pack (Select Size),Babyganics,n/a,any,x,1,X,X,X,X,X,7/18/2016,PRICE,X,7/15/2016,X,Royalston,7/18-9/9/16,Royalston,http://scene7.targetimg1.com/is/image/Target/49113785
Concept Store,X,50081043,204,X,PlanToys Wagon,Plan Toys,n/a,any,x,1,X,X,X,X,X,7/18/2016,PRICE,X,7/15/2016,X,Royalston,7/18-9/9/16,Royalston,http://scene7.targetimg1.com/is/image/Target/50081043
Concept Store,X,17328670,030,X,Cloud B Hugginz Plush Sheep Medium,Cloud B,n/a,any,x,1,X,X,X,X,X,7/18/2016,PRICE,X,7/15/2016,X,Royalston,7/18-9/9/16,Royalston,http://scene7.targetimg1.com/is/image/Target/17328670
Concept Store,X,50280904,081,X,"Hand Made Modern Large Wood Birdhouse - 7"" x 7"" x 11"" - Threshold™",Hand Made Modern,n/a,any,x,1,X,X,X,X,X,7/18/2016,PRICE,X,7/15/2016,X,Royalston,7/18-9/9/16,Royalston,http://scene7.targetimg1.com/is/image/Target/50280904
Concept Store,X,NO TCIN FOR: ,n/a,X,n/a,n/a,n/a,any,x,1,X,X,X,X,X,7/18/2016,PRICE,X,7/15/2016,X,Royalston,7/18-9/9/16,Royalston,http://scene7.targetimg1.com/is/image/Target/NO TCIN FOR: 
Concept Store,X,50089321,060,X,"Fox Square Throw Pillow 14""X14"" - Orange - Pillowfort™",Pillowfort,n/a,any,x,1,X,X,X,X,X,7/18/2016,PRICE,X,7/15/2016,X,Royalston,7/18-9/9/16,Royalston,http://scene7.targetimg1.com/is/image/Target/50089321
Concept Store,X,50219487,249,X,Industrial Kids Activity Chair (Set of 2) - Pillowfort™,n/a,n/a,any,x,1,X,X,X,X,X,7/18/2016,PRICE,X,7/15/2016,X,Royalston,7/18-9/9/16,Royalston,http://scene7.targetimg1.com/is/image/Target/50219487
Concept Store,X,50219489,249,X,Industrial Kids Activity Chair (Set of 2) - Pillowfort™,n/a,n/a,any,x,1,X,X,X,X,X,7/18/2016,PRICE,X,7/15/2016,X,Royalston,7/18-9/9/16,Royalston,http://scene7.targetimg1.com/is/image/Target/50219489
Concept Store,X,50219492,249,X,Industrial Kids Activity Chair (Set of 2) - Pillowfort™,n/a,n/a,any,x,1,X,X,X,X,X,7/18/2016,PRICE,X,7/15/2016,X,Royalston,7/18-9/9/16,Royalston,http://scene7.targetimg1.com/is/image/Target/50219492
Concept Store,X,50219495,249,X,Industrial Kids Activity Chair (Set of 2) - Pillowfort™,n/a,n/a,any,x,1,X,X,X,X,X,7/18/2016,PRICE,X,7/15/2016,X,Royalston,7/18-9/9/16,Royalston,http://scene7.targetimg1.com/is/image/Target/50219495
Concept Store,X,50219493,249,X,Industrial Kids Activity Chair (Set of 2) - Pillowfort™,n/a,n/a,any,x,1,X,X,X,X,X,7/18/2016,PRICE,X,7/15/2016,X,Royalston,7/18-9/9/16,Royalston,http://scene7.targetimg1.com/is/image/Target/50219493
Concept Store,X,50219486,249,X,Industrial Kids Activity Chair (Set of 2) - Pillowfort™,n/a,n/a,any,x,1,X,X,X,X,X,7/18/2016,PRICE,X,7/15/2016,X,Royalston,7/18-9/9/16,Royalston,http://scene7.targetimg1.com/is/image/Target/50219486
Concept Store,X,50219490,249,X,Industrial Kids Activity Chair (Set of 2) - Pillowfort™,n/a,n/a,any,x,1,X,X,X,X,X,7/18/2016,PRICE,X,7/15/2016,X,Royalston,7/18-9/9/16,Royalston,http://scene7.targetimg1.com/is/image/Target/50219490
Concept Store,X,50219488,249,X,Industrial Kids Activity Chair (Set of 2) - Pillowfort™,n/a,n/a,any,x,1,X,X,X,X,X,7/18/2016,PRICE,X,7/15/2016,X,Royalston,7/18-9/9/16,Royalston,http://scene7.targetimg1.com/is/image/Target/50219488
Concept Store,X,50189153,074,X,Bear Nightlight White - Pillowfort™,Pillowfort,n/a,any,x,1,X,X,X,X,X,7/18/2016,PRICE,X,7/15/2016,X,Royalston,7/18-9/9/16,Royalston,http://scene7.targetimg1.com/is/image/Target/50189153
Concept Store,X,50083360,060,X,"Arrow Throw Pillow - 20""x12"" - Tan - Pillowfort™",Pillowfort,n/a,any,x,1,X,X,X,X,X,7/18/2016,PRICE,X,7/15/2016,X,Royalston,7/18-9/9/16,Royalston,http://scene7.targetimg1.com/is/image/Target/50083360
Concept Store,X,50089205,060,X,Stuffed Bear Character Throw Pillow - Pillowfort™,Pillowfort,n/a,any,x,1,X,X,X,X,X,7/18/2016,PRICE,X,7/15/2016,X,Royalston,7/18-9/9/16,Royalston,http://scene7.targetimg1.com/is/image/Target/50089205
Concept Store,X,21400620,067,X,Toco Cube Pouf,Surya,n/a,any,x,1,X,X,X,X,X,7/18/2016,PRICE,X,7/15/2016,X,Royalston,7/18-9/9/16,Royalston,http://scene7.targetimg1.com/is/image/Target/21400620
Concept Store,X,21400621,067,X,Toco Cube Pouf,Surya,n/a,any,x,1,X,X,X,X,X,7/18/2016,PRICE,X,7/15/2016,X,Royalston,7/18-9/9/16,Royalston,http://scene7.targetimg1.com/is/image/Target/21400621
Concept Store,X,21400627,067,X,Toco Cube Pouf,Surya,n/a,any,x,1,X,X,X,X,X,7/18/2016,PRICE,X,7/15/2016,X,Royalston,7/18-9/9/16,Royalston,http://scene7.targetimg1.com/is/image/Target/21400627
Concept Store,X,13973634,007,X,Burt's Bees Baby Multipurpose Ointment- 7.5oz,n/a,n/a,any,x,1,X,X,X,X,X,7/18/2016,PRICE,X,7/15/2016,X,Royalston,7/18-9/9/16,Royalston,http://scene7.targetimg1.com/is/image/Target/13973634
